{
   "2": 3.790855407714844e-05,
   "3": 3.719329833984375e-05,
   "4": 5.793571472167969e-05,
   "5": 0.00010395050048828125,
   "6": 0.00019812583923339844,
   "7": 0.0003788471221923828,
   "8": 0.000720977783203125,
   "9": 0.001377105712890625,
   "10": 0.0026738643646240234,
   "11": 0.0053272247314453125,
   "12": 0.010471820831298828,
   "13": 0.020524024963378906,
   "14": 0.040402889251708984,
   "15": 0.08101606369018555,
   "16": 0.16253185272216797,
   "17": 0.33335089683532715,
   "18": 0.6898901462554932,
   "19": 1.3403902053833008,
   "20": 2.6954660415649414,
   "21": 5.444667816162109,
   "22": 10.854508876800537,
   "23": 21.5426127910614,
   "24": 44.51402401924133
}