{
   "2": 0.0045138750000000005,
   "3": 0.005779957999999974,
   "4": 0.006871957999999956,
   "5": 0.013289499999999954,
   "6": 0.019732749999999966,
   "7": 0.031136249999999976,
   "8": 0.04947545799999997,
   "9": 0.09325391699999996,
   "10": 0.2050647499999999
}