{
   "2": 0.006348458000000057,
   "3": 0.005478792000000121,
   "4": 0.006546542000000155,
   "5": 0.012474749999999979,
   "6": 0.018868417000000193,
   "7": 0.03064616600000014,
   "8": 0.050077833000000016,
   "9": 0.09349183399999994,
   "10": 0.20436358300000013,
   "11": 0.5489727499999999,
   "12": 1.295571625,
   "13": 4.572592500000001,
   "14": 15.480560500000003,
   "15": 60.774785334,
   "16": 233.83150525,
   "17": 889.1051849169999
}